<?xml version="1.0" encoding="UTF-8"?>
<launch4jConfig>
  <dontWrapJar>false</dontWrapJar>
  <headerType>gui</headerType>
  <jar>C:\Users\COMSE\OneDrive\바탕 화면\HIGH\HIGH.jar</jar>
  <outfile>C:\Users\COMSE\OneDrive\바탕 화면\HIGH\HIGH.exe</outfile>
  <errTitle></errTitle>
  <cmdLine></cmdLine>
  <chdir>.</chdir>
  <priority>normal</priority>
  <downloadUrl></downloadUrl>
  <supportUrl></supportUrl>
  <stayAlive>false</stayAlive>
  <restartOnCrash>false</restartOnCrash>
  <manifest></manifest>
  <icon></icon>
  <cp> 
    <zip>./lib/jdatepicker-1.3.4.jar</zip>
  </cp>
  <jre>
    <path>%JAVA_HOME%;%PATH%</path>
    <requiresJdk>false</requiresJdk>
    <requires64Bit>false</requires64Bit>
    <minVersion>1.8</minVersion>
    <maxVersion></maxVersion>
  </jre>
</launch4jConfig>